playlist_uri,playlist_name,added_by
37i9dQZF1DX99gNWyxQ2OR,Chopin Nocturnes,
52ed11cF35KOKnJsetko4M,David Bowie Official Playlist: Top Tracks,david_bowie_
1VmZPGCZLkB4H4VXRwEe7r,Game of Thrones Soundtracks,1265145133
1oug63AqbSSxpytvc8ORDn,pokemon game soundtrack,composer1982
2gb7i6T9QZKaNKHFJf5kYF,Zelda Themes,lukasknu
6eWTGaHznQU0l708WKqAxt,Retro Video Game Music,vdill2x8uqfjiqerltat5f167
37i9dQZF1DX2rheAFbQM31,This is Moby,
37i9dQZF1DX2rheAFbQM32,This is Moby,
37i9dQZF1DX2rheAFbQM33,This is Moby,
37i9dQZF1DX2rheAFbQM34,This is Moby,
37i9dQZF1DX2rheAFbQM35,This is Moby,
37i9dQZF1DX2rheAFbQM36,This is Moby,
37i9dQZF1DX2rheAFbQM37,This is Moby,
37i9dQZF1DX2rheAFbQM38,This is Moby,
37i9dQZF1DX2rheAFbQM39,This is Moby,
37i9dQZF1DX2rheAFbQM40,This is Moby,
37i9dQZF1DX2rheAFbQM41,This is Moby,
37i9dQZF1DX2rheAFbQM42,This is Moby,
37i9dQZF1DX2rheAFbQM43,This is Moby,
37i9dQZF1DX2rheAFbQM44,This is Moby,
37i9dQZF1DX2rheAFbQM45,This is Moby,
37i9dQZF1DX2rheAFbQM46,This is Moby,
37i9dQZF1DX2rheAFbQM47,This is Moby,
37i9dQZF1DX2rheAFbQM48,This is Moby,
37i9dQZF1DX2rheAFbQM49,This is Moby,
37i9dQZF1DX2rheAFbQM50,This is Moby,
37i9dQZF1DX2rheAFbQM51,This is Moby,
37i9dQZF1DX2rheAFbQM52,This is Moby,
37i9dQZF1DX2rheAFbQM53,This is Moby,
37i9dQZF1DX2rheAFbQM54,This is Moby,
37i9dQZF1DX2rheAFbQM55,This is Moby,
37i9dQZF1DX2rheAFbQM56,This is Moby,
37i9dQZF1DX2rheAFbQM57,This is Moby,
37i9dQZF1DX2rheAFbQM58,This is Moby,
37i9dQZF1DX2rheAFbQM59,This is Moby,
37i9dQZF1DX2rheAFbQM60,This is Moby,
37i9dQZF1DX2rheAFbQM61,This is Moby,
37i9dQZF1DX2rheAFbQM62,This is Moby,
37i9dQZF1DX2rheAFbQM63,This is Moby,
37i9dQZF1DX2rheAFbQM64,This is Moby,
37i9dQZF1DX2rheAFbQM65,This is Moby,
37i9dQZF1DX2rheAFbQM66,This is Moby,
37i9dQZF1DX2rheAFbQM67,This is Moby,
37i9dQZF1DX2rheAFbQM68,This is Moby,
37i9dQZF1DX2rheAFbQM69,This is Moby,
37i9dQZF1DX2rheAFbQM70,This is Moby,
37i9dQZF1DX2rheAFbQM71,This is Moby,
37i9dQZF1DX2rheAFbQM72,This is Moby,
37i9dQZF1DX2rheAFbQM73,This is Moby,
37i9dQZF1DX2rheAFbQM74,This is Moby,
37i9dQZF1DX2rheAFbQM75,This is Moby,
37i9dQZF1DX2rheAFbQM76,This is Moby,
37i9dQZF1DX2rheAFbQM77,This is Moby,
37i9dQZF1DX2rheAFbQM78,This is Moby,
37i9dQZF1DX2rheAFbQM79,This is Moby,
37i9dQZF1DX2rheAFbQM80,This is Moby,
7scUY5asVSM1xwOQEQf9qw,2000s r&b,12493413
5B66Bd3mPfvfQm8sOXvSLn,electric,12493413
37i9dQZF1DWUa8ZRTfalHk,Pop Rising,
3wPWN6RV9fKZVV2vXIRSuX,rhythm & blues,12493413
57fcnmNKGYk9ucVzo7oqIA,slow pop,12493413
37i9dQZF1DXcBWIGoYBM5M,Today's Top Hits,